ID,Type,SKU,Name,Published,Is featured?,Visibility in catalog,Short description,Description,Date sale price starts,Date sale price ends,Tax status,Tax class,In stock?,Stock,Low stock amount,Backorders allowed?,Sold individually?,Weight (kg),Length (cm),Width (cm),Height (cm),Allow customer reviews?,Purchase note,Sale price,Regular price,Categories,Tags,Shipping class,Images,Download limit,Download expiry,Parent,Grouped products,Upsells,Cross-sells,External URL,Button text,Position,Attribute 1 name,Attribute 1 value(s),Attribute 1 visible,Attribute 1 global,Attribute 2 name,Attribute 2 value(s),Attribute 2 visible,Attribute 2 global,Attribute 3 name,Attribute 3 value(s),Attribute 3 visible,Attribute 3 global,Attribute 4 name,Attribute 4 value(s),Attribute 4 visible,Attribute 4 global,Attribute 5 name,Attribute 5 value(s),Attribute 5 visible,Attribute 5 global
101,variable,PROD-101-VAR,Sample Research Compound A,1,0,visible,"High-purity research compound available in multiple quantities and purities.","<p>Sample Research Compound A is a synthetic compound used for laboratory research purposes only. Available in multiple quantity and purity options to suit your research requirements.</p><p>All products are supplied for research purposes only and are not intended for human consumption.</p>",,,taxable,,1,,5,0,0,0.05,5,5,3,1,,25.00,35.00,Research Compounds > Compound A,research | laboratory | compound,,,,,,,,,Quantity,5g | 10g | 25g | 50g | 100g,1,1,Purity,95% | 98% | 99%+,1,1,,,,,,,,,,,
,,PROD-101-VAR-5G-95,Sample Research Compound A,1,0,visible,,,,,taxable,,1,,5,0,0,0.025,5,5,3,0,,,18.00,PROD-101-VAR,,,,,https://www.darkchemsite.com/wp-content/uploads/compound-a.jpg,,,1,PROD-101-VAR,,,,,Quantity,5g,1,1,Purity,95%,1,1,,,,,,,,,,,
,,PROD-101-VAR-5G-98,Sample Research Compound A,1,0,visible,,,,,taxable,,1,,5,0,0,0.025,5,5,3,0,,,22.00,PROD-101-VAR,,,,,https://www.darkchemsite.com/wp-content/uploads/compound-a.jpg,,,2,PROD-101-VAR,,,,,Quantity,5g,1,1,Purity,98%,1,1,,,,,,,,,,,
,,PROD-101-VAR-5G-99,Sample Research Compound A,1,0,visible,,,,,taxable,,1,,3,0,0,0.025,5,5,3,0,,,25.00,PROD-101-VAR,,,,,https://www.darkchemsite.com/wp-content/uploads/compound-a.jpg,,,3,PROD-101-VAR,,,,,Quantity,5g,1,1,Purity,99%+,1,1,,,,,,,,,,,
,,PROD-101-VAR-10G-95,Sample Research Compound A,1,0,visible,,,,,taxable,,1,,5,0,0,0.05,5,5,3,0,,,30.00,PROD-101-VAR,,,,,https://www.darkchemsite.com/wp-content/uploads/compound-a.jpg,,,4,PROD-101-VAR,,,,,Quantity,10g,1,1,Purity,95%,1,1,,,,,,,,,,,
,,PROD-101-VAR-10G-98,Sample Research Compound A,1,0,visible,,,,,taxable,,1,,5,0,0,0.05,5,5,3,0,,,35.00,PROD-101-VAR,,,,,https://www.darkchemsite.com/wp-content/uploads/compound-a.jpg,,,5,PROD-101-VAR,,,,,Quantity,10g,1,1,Purity,98%,1,1,,,,,,,,,,,
,,PROD-101-VAR-10G-99,Sample Research Compound A,1,0,visible,,,,,taxable,,1,,4,0,0,0.05,5,5,3,0,,,42.00,PROD-101-VAR,,,,,https://www.darkchemsite.com/wp-content/uploads/compound-a.jpg,,,6,PROD-101-VAR,,,,,Quantity,10g,1,1,Purity,99%+,1,1,,,,,,,,,,,
,,PROD-101-VAR-25G-95,Sample Research Compound A,1,0,visible,,,,,taxable,,1,,5,0,0,0.1,5,5,3,0,,,55.00,PROD-101-VAR,,,,,https://www.darkchemsite.com/wp-content/uploads/compound-a.jpg,,,7,PROD-101-VAR,,,,,Quantity,25g,1,1,Purity,95%,1,1,,,,,,,,,,,
,,PROD-101-VAR-25G-98,Sample Research Compound A,1,0,visible,,,,,taxable,,1,,5,0,0,0.1,5,5,3,0,,,65.00,PROD-101-VAR,,,,,https://www.darkchemsite.com/wp-content/uploads/compound-a.jpg,,,8,PROD-101-VAR,,,,,Quantity,25g,1,1,Purity,98%,1,1,,,,,,,,,,,
,,PROD-101-VAR-25G-99,Sample Research Compound A,1,0,visible,,,,,taxable,,1,,2,0,0,0.1,5,5,3,0,,,75.00,PROD-101-VAR,,,,,https://www.darkchemsite.com/wp-content/uploads/compound-a.jpg,,,9,PROD-101-VAR,,,,,Quantity,25g,1,1,Purity,99%+,1,1,,,,,,,,,,,
,,PROD-101-VAR-50G-95,Sample Research Compound A,1,0,visible,,,,,taxable,,1,,5,0,0,0.2,8,8,5,0,,,95.00,PROD-101-VAR,,,,,https://www.darkchemsite.com/wp-content/uploads/compound-a.jpg,,,10,PROD-101-VAR,,,,,Quantity,50g,1,1,Purity,95%,1,1,,,,,,,,,,,
,,PROD-101-VAR-50G-98,Sample Research Compound A,1,0,visible,,,,,taxable,,1,,5,0,0,0.2,8,8,5,0,,,110.00,PROD-101-VAR,,,,,https://www.darkchemsite.com/wp-content/uploads/compound-a.jpg,,,11,PROD-101-VAR,,,,,Quantity,50g,1,1,Purity,98%,1,1,,,,,,,,,,,
,,PROD-101-VAR-100G-95,Sample Research Compound A,1,0,visible,,,,,taxable,,1,,5,0,0,0.35,10,10,7,0,,,160.00,PROD-101-VAR,,,,,https://www.darkchemsite.com/wp-content/uploads/compound-a.jpg,,,12,PROD-101-VAR,,,,,Quantity,100g,1,1,Purity,95%,1,1,,,,,,,,,,,
102,simple,PROD-102-SMP,Sample Research Compound B,1,0,visible,"Ready-to-use research reagent, single quantity, high purity.","<p>Sample Research Compound B is supplied as a single-grade research reagent. Ideal for standard laboratory protocols requiring consistent purity.</p>",,,taxable,,1,20,3,0,0,0.03,4,4,2,1,,19.99,24.99,Research Compounds > Compound B,research | reagent,,,https://www.darkchemsite.com/wp-content/uploads/compound-b.jpg | https://www.darkchemsite.com/wp-content/uploads/compound-b-2.jpg,,,,,,,,,,,,,,,,,,,,
103,variable,PROD-103-VAR,Sample Research Compound C,1,1,visible,"Premium research compound. Featured product.","<p>Sample Research Compound C is one of our featured compounds. Available in three sizes with optional expedited processing.</p>",,,taxable,,1,,5,0,0,,,,1,,,15.00,45.00,Research Compounds > Compound C,research | featured | premium,,https://www.darkchemsite.com/wp-content/uploads/compound-c.jpg,,,,,,,,,Size,Small (1g) | Medium (5g) | Large (10g),1,1,Processing,Standard | Expedited,1,1,,,,,,,,,,,
,,PROD-103-SML-STD,Sample Research Compound C,1,0,visible,Small quantity with standard processing.,,,taxable,,1,,10,0,0,0.01,3,3,2,0,,,15.00,PROD-103-VAR,,,,,https://www.darkchemsite.com/wp-content/uploads/compound-c.jpg,,,1,PROD-103-VAR,,,,,Size,Small (1g),1,1,Processing,Standard,1,1,,,,,,,,,,,
,,PROD-103-SML-EXP,Sample Research Compound C,1,0,visible,Small quantity with expedited processing.,,,taxable,,1,,8,0,0,0.01,3,3,2,0,,,22.00,PROD-103-VAR,,,,,https://www.darkchemsite.com/wp-content/uploads/compound-c.jpg,,,2,PROD-103-VAR,,,,,Size,Small (1g),1,1,Processing,Expedited,1,1,,,,,,,,,,,
,,PROD-103-MED-STD,Sample Research Compound C,1,0,visible,Medium quantity with standard processing.,,,taxable,,1,,8,0,0,0.03,4,4,2,0,,,28.00,PROD-103-VAR,,,,,https://www.darkchemsite.com/wp-content/uploads/compound-c.jpg,,,3,PROD-103-VAR,,,,,Size,Medium (5g),1,1,Processing,Standard,1,1,,,,,,,,,,,
,,PROD-103-MED-EXP,Sample Research Compound C,1,0,visible,Medium quantity with expedited processing.,,,taxable,,1,,8,0,0,0.03,4,4,2,0,,,35.00,PROD-103-VAR,,,,,https://www.darkchemsite.com/wp-content/uploads/compound-c.jpg,,,4,PROD-103-VAR,,,,,Size,Medium (5g),1,1,Processing,Expedited,1,1,,,,,,,,,,,
,,PROD-103-LRG-STD,Sample Research Compound C,1,0,visible,Large quantity with standard processing.,,,taxable,,1,,5,0,0,0.05,5,5,3,0,,,38.00,PROD-103-VAR,,,,,https://www.darkchemsite.com/wp-content/uploads/compound-c.jpg,,,5,PROD-103-VAR,,,,,Size,Large (10g),1,1,Processing,Standard,1,1,,,,,,,,,,,
,,PROD-103-LRG-EXP,Sample Research Compound C,1,0,visible,Large quantity with expedited processing.,,,taxable,,1,,5,0,0,0.05,5,5,3,0,,,45.00,PROD-103-VAR,,,,,https://www.darkchemsite.com/wp-content/uploads/compound-c.jpg,,,6,PROD-103-VAR,,,,,Size,Large (10g),1,1,Processing,Expedited,1,1,,,,,,,,,,,
