ID,Type,SKU,Name,Published,Is featured?,Visibility in catalog,Short description,Description,Date sale price starts,Date sale price ends,Tax status,Tax class,In stock?,Stock,Low stock amount,Backorders allowed?,Sold individually?,Weight (kg),Length (cm),Width (cm),Height (cm),Allow customer reviews?,Purchase note,Sale price,Regular price,Categories,Tags,Shipping class,Images,Download limit,Download expiry,Parent,Grouped products,Upsells,Cross-sells,External URL,Button text,Position,Attribute 1 name,Attribute 1 value(s),Attribute 1 visible,Attribute 1 global,Attribute 2 name,Attribute 2 value(s),Attribute 2 visible,Attribute 2 global,Attribute 3 name,Attribute 3 value(s),Attribute 3 visible,Attribute 3 global,Attribute 4 name,Attribute 4 value(s),Attribute 4 visible,Attribute 4 global,Attribute 5 name,Attribute 5 value(s),Attribute 5 visible,Attribute 5 global,Meta: _product_url
101,variable,DC-COMPOUND-A,Research Compound Alpha,1,0,visible,"High-purity research compound available in multiple quantities. For laboratory use only.","<h2>Research Compound Alpha</h2><p>Research Compound Alpha is a high-purity synthetic compound supplied exclusively for laboratory and research purposes. It is not intended for human or veterinary use.</p><ul><li>CAS Number: 000-00-0</li><li>Molecular Formula: C<sub>n</sub>H<sub>n</sub>N<sub>n</sub></li><li>Storage: Keep in a cool, dry place. Store below 25°C.</li></ul><p>All compounds are tested for purity prior to dispatch.</p>",,,,taxable,,1,,5,0,0,,,,1,,"",35.00,Research Compounds,research | compound | laboratory,,https://www.darkchemsite.com/wp-content/uploads/compound-alpha.jpg,,,,,,,,,,Quantity,5g | 10g | 25g | 50g | 100g,1,1,Purity,95% | 98% | 99%+,1,1,,,,,,,,,,https://www.darkchemsite.com/product/compound-alpha/
,,DC-COMPOUND-A-5-95,Research Compound Alpha,1,0,visible,,,,,,taxable,,1,,10,0,0,0.025,5,5,3,0,,,,DC-COMPOUND-A,,,,,https://www.darkchemsite.com/wp-content/uploads/compound-alpha.jpg,,,1,DC-COMPOUND-A,,,Quantity,5g,1,1,Purity,95%,1,1,,,,,,,,,,
,,DC-COMPOUND-A-5-98,Research Compound Alpha,1,0,visible,,,,,,taxable,,1,,8,0,0,0.025,5,5,3,0,,,,DC-COMPOUND-A,,,,,https://www.darkchemsite.com/wp-content/uploads/compound-alpha.jpg,,,2,DC-COMPOUND-A,,,Quantity,5g,1,1,Purity,98%,1,1,,,,,,,,,,
,,DC-COMPOUND-A-5-99,Research Compound Alpha,1,0,visible,,,,,,taxable,,1,,5,0,0,0.025,5,5,3,0,,,,DC-COMPOUND-A,,,,,https://www.darkchemsite.com/wp-content/uploads/compound-alpha.jpg,,,3,DC-COMPOUND-A,,,Quantity,5g,1,1,Purity,99%+,1,1,,,,,,,,,,
,,DC-COMPOUND-A-10-95,Research Compound Alpha,1,0,visible,,,,,,taxable,,1,,10,0,0,0.05,5,5,3,0,,,,DC-COMPOUND-A,,,,,https://www.darkchemsite.com/wp-content/uploads/compound-alpha.jpg,,,4,DC-COMPOUND-A,,,Quantity,10g,1,1,Purity,95%,1,1,,,,,,,,,,
,,DC-COMPOUND-A-10-98,Research Compound Alpha,1,0,visible,,,,,,taxable,,1,,8,0,0,0.05,5,5,3,0,,,,DC-COMPOUND-A,,,,,https://www.darkchemsite.com/wp-content/uploads/compound-alpha.jpg,,,5,DC-COMPOUND-A,,,Quantity,10g,1,1,Purity,98%,1,1,,,,,,,,,,
,,DC-COMPOUND-A-10-99,Research Compound Alpha,1,0,visible,,,,,,taxable,,1,,5,0,0,0.05,5,5,3,0,,,,DC-COMPOUND-A,,,,,https://www.darkchemsite.com/wp-content/uploads/compound-alpha.jpg,,,6,DC-COMPOUND-A,,,Quantity,10g,1,1,Purity,99%+,1,1,,,,,,,,,,
,,DC-COMPOUND-A-25-95,Research Compound Alpha,1,0,visible,,,,,,taxable,,1,,10,0,0,0.1,8,8,5,0,,,,DC-COMPOUND-A,,,,,https://www.darkchemsite.com/wp-content/uploads/compound-alpha.jpg,,,7,DC-COMPOUND-A,,,Quantity,25g,1,1,Purity,95%,1,1,,,,,,,,,,
,,DC-COMPOUND-A-25-98,Research Compound Alpha,1,0,visible,,,,,,taxable,,1,,8,0,0,0.1,8,8,5,0,,,,DC-COMPOUND-A,,,,,https://www.darkchemsite.com/wp-content/uploads/compound-alpha.jpg,,,8,DC-COMPOUND-A,,,Quantity,25g,1,1,Purity,98%,1,1,,,,,,,,,,
,,DC-COMPOUND-A-25-99,Research Compound Alpha,1,0,visible,,,,,,taxable,,1,,5,0,0,0.1,8,8,5,0,,,,DC-COMPOUND-A,,,,,https://www.darkchemsite.com/wp-content/uploads/compound-alpha.jpg,,,9,DC-COMPOUND-A,,,Quantity,25g,1,1,Purity,99%+,1,1,,,,,,,,,,
,,DC-COMPOUND-A-50-95,Research Compound Alpha,1,0,visible,,,,,,taxable,,1,,8,0,0,0.2,10,10,7,0,,,,DC-COMPOUND-A,,,,,https://www.darkchemsite.com/wp-content/uploads/compound-alpha.jpg,,,10,DC-COMPOUND-A,,,Quantity,50g,1,1,Purity,95%,1,1,,,,,,,,,,
,,DC-COMPOUND-A-50-98,Research Compound Alpha,1,0,visible,,,,,,taxable,,1,,6,0,0,0.2,10,10,7,0,,,,DC-COMPOUND-A,,,,,https://www.darkchemsite.com/wp-content/uploads/compound-alpha.jpg,,,11,DC-COMPOUND-A,,,Quantity,50g,1,1,Purity,98%,1,1,,,,,,,,,,
,,DC-COMPOUND-A-50-99,Research Compound Alpha,1,0,visible,,,,,,taxable,,0,,0,0,0,0.2,10,10,7,0,,,,DC-COMPOUND-A,,,,,https://www.darkchemsite.com/wp-content/uploads/compound-alpha.jpg,,,12,DC-COMPOUND-A,,,Quantity,50g,1,1,Purity,99%+,1,1,,,,,,,,,,
,,DC-COMPOUND-A-100-95,Research Compound Alpha,1,0,visible,,,,,,taxable,,1,,5,0,0,0.35,12,12,8,0,,,,DC-COMPOUND-A,,,,,https://www.darkchemsite.com/wp-content/uploads/compound-alpha.jpg,,,13,DC-COMPOUND-A,,,Quantity,100g,1,1,Purity,95%,1,1,,,,,,,,,,
,,DC-COMPOUND-A-100-98,Research Compound Alpha,1,0,visible,,,,,,taxable,,1,,4,0,0,0.35,12,12,8,0,,,,DC-COMPOUND-A,,,,,https://www.darkchemsite.com/wp-content/uploads/compound-alpha.jpg,,,14,DC-COMPOUND-A,,,Quantity,100g,1,1,Purity,98%,1,1,,,,,,,,,,
102,simple,DC-REAGENT-B,Research Reagent B,1,0,visible,"Ready-to-use research reagent, single-grade. For laboratory use only.","<h2>Research Reagent B</h2><p>Research Reagent B is supplied as a single-grade reagent suitable for standard laboratory protocols requiring consistent purity. Packaged in an airtight amber glass vial.</p><ul><li>Purity: ≥98%</li><li>Appearance: White crystalline powder</li><li>Solubility: Soluble in DMSO, methanol</li><li>Storage: 2–8°C, protected from light</li></ul>",,,2026-01-01,2026-06-30,taxable,,1,15,3,0,0,0.02,4,4,2,1,,"17.99",24.99,"Research Compounds, Reagents","reagent | research | lab ready",,https://www.darkchemsite.com/wp-content/uploads/reagent-b-1.jpg | https://www.darkchemsite.com/wp-content/uploads/reagent-b-2.jpg,,,,,,,,,,,,,,,,,,,,https://www.darkchemsite.com/product/reagent-b/
103,variable,DC-COMPOUND-C,Research Compound Gamma,1,1,visible,"Premium featured research compound. Multiple size options available.","<h2>Research Compound Gamma</h2><p>Research Compound Gamma is one of our most popular featured compounds, valued for its consistency and reliability in research applications. Available in three quantities with optional expedited processing.</p><ul><li>CAS: 000-00-1</li><li>Purity: ≥95% (standard), ≥98% (premium)</li><li>Form: Crystalline solid</li></ul>",,,,taxable,,1,,5,0,0,,,,1,,"",45.00,"Research Compounds > Compound Gamma","compound | featured | gamma",,https://www.darkchemsite.com/wp-content/uploads/compound-gamma.jpg,,,,,,,,,Size,1g | 5g | 10g,1,1,Grade,Standard | Premium,1,1,,,,,,,,,,https://www.darkchemsite.com/product/compound-gamma/
,,DC-COMPOUND-C-1-STD,Research Compound Gamma,1,0,visible,1g standard grade.,,,,,,taxable,,1,,20,0,0,0.01,3,3,2,0,,,,DC-COMPOUND-C,,,,,https://www.darkchemsite.com/wp-content/uploads/compound-gamma.jpg,,,1,DC-COMPOUND-C,,,Size,1g,1,1,Grade,Standard,1,1,,,,,,,,,,
,,DC-COMPOUND-C-1-PRM,Research Compound Gamma,1,0,visible,1g premium grade.,,,,,,taxable,,1,,15,0,0,0.01,3,3,2,0,,,,DC-COMPOUND-C,,,,,https://www.darkchemsite.com/wp-content/uploads/compound-gamma.jpg,,,2,DC-COMPOUND-C,,,Size,1g,1,1,Grade,Premium,1,1,,,,,,,,,,
,,DC-COMPOUND-C-5-STD,Research Compound Gamma,1,0,visible,5g standard grade.,,,,,,taxable,,1,,15,0,0,0.03,4,4,2,0,,,,DC-COMPOUND-C,,,,,https://www.darkchemsite.com/wp-content/uploads/compound-gamma.jpg,,,3,DC-COMPOUND-C,,,Size,5g,1,1,Grade,Standard,1,1,,,,,,,,,,
,,DC-COMPOUND-C-5-PRM,Research Compound Gamma,1,0,visible,5g premium grade.,,,,,,taxable,,1,,12,0,0,0.03,4,4,2,0,,,,DC-COMPOUND-C,,,,,https://www.darkchemsite.com/wp-content/uploads/compound-gamma.jpg,,,4,DC-COMPOUND-C,,,Size,5g,1,1,Grade,Premium,1,1,,,,,,,,,,
,,DC-COMPOUND-C-10-STD,Research Compound Gamma,1,0,visible,10g standard grade.,,,,,,taxable,,1,,10,0,0,0.05,5,5,3,0,,,,DC-COMPOUND-C,,,,,https://www.darkchemsite.com/wp-content/uploads/compound-gamma.jpg,,,5,DC-COMPOUND-C,,,Size,10g,1,1,Grade,Standard,1,1,,,,,,,,,,
,,DC-COMPOUND-C-10-PRM,Research Compound Gamma,1,0,visible,10g premium grade.,,,,,,taxable,,1,,8,0,0,0.05,5,5,3,0,,,,DC-COMPOUND-C,,,,,https://www.darkchemsite.com/wp-content/uploads/compound-gamma.jpg,,,6,DC-COMPOUND-C,,,Size,10g,1,1,Grade,Premium,1,1,,,,,,,,,,
104,simple,DC-KIT-STARTER,Research Starter Kit,1,1,visible,"Complete starter kit for laboratory research. Includes three core reagents.","<h2>Research Starter Kit</h2><p>The Research Starter Kit bundles three of our most essential reagents into a single, cost-effective package. Ideal for researchers new to our compound range or setting up a new laboratory workflow.</p><p>Contents:</p><ul><li>Reagent B – 5g (≥98% purity)</li><li>Buffer Solution – 10ml</li><li>Analytical Standard – 1g</li></ul><p>All items shipped in a single secure package with documentation.</p>",,,2026-01-01,,taxable,,1,8,2,1,0,0.15,15,15,10,1,,"Thank you for your order. Your kit will be dispatched within 2 business days.",44.99,59.99,"Kits & Bundles, Research Compounds","kit | starter | bundle | value",,https://www.darkchemsite.com/wp-content/uploads/starter-kit.jpg | https://www.darkchemsite.com/wp-content/uploads/starter-kit-contents.jpg,,,,,DC-COMPOUND-A,DC-REAGENT-B,,,,,,,,,,,,,,,,,,,https://www.darkchemsite.com/product/starter-kit/
105,variable,DC-SOLVENT-S,Laboratory Grade Solvent S,1,0,visible,"High-purity laboratory solvent available in multiple volumes.","<h2>Laboratory Grade Solvent S</h2><p>Laboratory Grade Solvent S is supplied at ≥99.8% purity, suitable for HPLC, GC, and general analytical applications. Available in 100ml, 500ml, and 1L volumes.</p><ul><li>Purity: ≥99.8%</li><li>Boiling Point: XX°C</li><li>Refractive Index: 0.000 at 20°C</li></ul>",,,,taxable,,1,,5,0,0,,,,1,,"",55.00,"Solvents & Reagents > Solvents","solvent | HPLC | analytical",,https://www.darkchemsite.com/wp-content/uploads/solvent-s.jpg,,,,,,,,,,Volume,100ml | 500ml | 1L,1,1,Grade,HPLC | Analytical | Technical,1,1,,,,,,,,,,https://www.darkchemsite.com/product/solvent-s/
,,DC-SOLVENT-S-100-HPLC,Laboratory Grade Solvent S,1,0,visible,100ml HPLC grade.,,,,,,taxable,,1,,20,0,0,0.12,8,8,12,0,,,,DC-SOLVENT-S,,,,,https://www.darkchemsite.com/wp-content/uploads/solvent-s.jpg,,,1,DC-SOLVENT-S,,,Volume,100ml,1,1,Grade,HPLC,1,1,,,,,,,,,,
,,DC-SOLVENT-S-100-ANA,Laboratory Grade Solvent S,1,0,visible,100ml analytical grade.,,,,,,taxable,,1,,15,0,0,0.12,8,8,12,0,,,,DC-SOLVENT-S,,,,,https://www.darkchemsite.com/wp-content/uploads/solvent-s.jpg,,,2,DC-SOLVENT-S,,,Volume,100ml,1,1,Grade,Analytical,1,1,,,,,,,,,,
,,DC-SOLVENT-S-100-TEC,Laboratory Grade Solvent S,1,0,visible,100ml technical grade.,,,,,,taxable,,1,,25,0,0,0.12,8,8,12,0,,,,DC-SOLVENT-S,,,,,https://www.darkchemsite.com/wp-content/uploads/solvent-s.jpg,,,3,DC-SOLVENT-S,,,Volume,100ml,1,1,Grade,Technical,1,1,,,,,,,,,,
,,DC-SOLVENT-S-500-HPLC,Laboratory Grade Solvent S,1,0,visible,500ml HPLC grade.,,,,,,taxable,,1,,15,0,0,0.55,10,10,22,0,,,,DC-SOLVENT-S,,,,,https://www.darkchemsite.com/wp-content/uploads/solvent-s.jpg,,,4,DC-SOLVENT-S,,,Volume,500ml,1,1,Grade,HPLC,1,1,,,,,,,,,,
,,DC-SOLVENT-S-500-ANA,Laboratory Grade Solvent S,1,0,visible,500ml analytical grade.,,,,,,taxable,,1,,12,0,0,0.55,10,10,22,0,,,,DC-SOLVENT-S,,,,,https://www.darkchemsite.com/wp-content/uploads/solvent-s.jpg,,,5,DC-SOLVENT-S,,,Volume,500ml,1,1,Grade,Analytical,1,1,,,,,,,,,,
,,DC-SOLVENT-S-500-TEC,Laboratory Grade Solvent S,1,0,visible,500ml technical grade.,,,,,,taxable,,1,,20,0,0,0.55,10,10,22,0,,,,DC-SOLVENT-S,,,,,https://www.darkchemsite.com/wp-content/uploads/solvent-s.jpg,,,6,DC-SOLVENT-S,,,Volume,500ml,1,1,Grade,Technical,1,1,,,,,,,,,,
,,DC-SOLVENT-S-1L-HPLC,Laboratory Grade Solvent S,1,0,visible,1L HPLC grade.,,,,,,taxable,,1,,10,0,0,1.05,12,12,28,0,,,,DC-SOLVENT-S,,,,,https://www.darkchemsite.com/wp-content/uploads/solvent-s.jpg,,,7,DC-SOLVENT-S,,,Volume,1L,1,1,Grade,HPLC,1,1,,,,,,,,,,
,,DC-SOLVENT-S-1L-ANA,Laboratory Grade Solvent S,1,0,visible,1L analytical grade.,,,,,,taxable,,1,,8,0,0,1.05,12,12,28,0,,,,DC-SOLVENT-S,,,,,https://www.darkchemsite.com/wp-content/uploads/solvent-s.jpg,,,8,DC-SOLVENT-S,,,Volume,1L,1,1,Grade,Analytical,1,1,,,,,,,,,,
,,DC-SOLVENT-S-1L-TEC,Laboratory Grade Solvent S,1,0,visible,1L technical grade.,,,,,,taxable,,1,,15,0,0,1.05,12,12,28,0,,,,DC-SOLVENT-S,,,,,https://www.darkchemsite.com/wp-content/uploads/solvent-s.jpg,,,9,DC-SOLVENT-S,,,Volume,1L,1,1,Grade,Technical,1,1,,,,,,,,,,
106,simple,DC-STANDARD-REF,Analytical Reference Standard,1,0,visible,"Certified analytical reference standard for instrument calibration.","<h2>Analytical Reference Standard</h2><p>This certified analytical reference standard is supplied as a 1mg ampoule with an accompanying certificate of analysis. Suitable for calibrating GC, HPLC, and LC-MS instruments.</p><ul><li>Concentration: 1mg/ml in methanol</li><li>Certified purity: ≥99.5%</li><li>Includes certificate of analysis</li></ul>",,,2026-03-01,2026-09-30,taxable,,1,25,5,0,1,0.005,3,3,2,1,,,"29.99",39.99,"Analytical Standards","reference | standard | certified | calibration",,https://www.darkchemsite.com/wp-content/uploads/reference-standard.jpg,,,,,DC-REAGENT-B,,,,,,,,,,,,,,,,,,,https://www.darkchemsite.com/product/reference-standard/
